CREATE DATABASE IF NOT EXISTS `news_portal`;

USE `news_portal`;

CREATE TABLE IF NOT EXISTS `accounts` (
	`id` INTEGER UNSIGNED NOT NULL AUTO_INCREMENT,
	`email` VARCHAR(255) NOT NULL,
	`username` VARCHAR(128) NOT NULL,
	`password` VARCHAR(255) NOT NULL,
	`first_name` VARCHAR(128) NOT NULL,
	`last_name` VARCHAR(128) NOT NULL,
	`birth_date` DATE,
	`gender` BIT NOT NULL DEFAULT 0,
	`profile_picture` VARCHAR(255) NOT NULL DEFAULT '',
	`datetime_register` DATETIME NOT NULL DEFAULT CURRENT_TIMESTAMP,
	`datetime_last_login` DATETIME NOT NULL DEFAULT CURRENT_TIMESTAMP,
	`is_admin` BIT NOT NULL DEFAULT 0,
	PRIMARY KEY (`id`),
	UNIQUE (`email`),
	UNIQUE (`username`)
) ENGINE=InnoDB;

CREATE TABLE IF NOT EXISTS `articles` (
	`id` INTEGER UNSIGNED NOT NULL AUTO_INCREMENT,
	`title` VARCHAR(128) NOT NULL DEFAULT 'No Title',
	`author_id` INTEGER UNSIGNED NOT NULL,
	`articles_category` varchar(128) NOT NULL,
	`datetime_created` DATETIME NOT NULL DEFAULT CURRENT_TIMESTAMP,
	`datetime_modified` DATETIME,
	PRIMARY KEY (`id`),
	FOREIGN KEY (`author_id`) REFERENCES `accounts`(`id`) ON UPDATE CASCADE ON DELETE CASCADE
) ENGINE=InnoDB;

CREATE TABLE IF NOT EXISTS `articles_likes` (
	`account_id` INTEGER UNSIGNED NOT NULL,
	`article_id` INTEGER UNSIGNED NOT NULL,
	CONSTRAINT `pk_article_like` PRIMARY KEY (`account_id`, `article_id`),
	FOREIGN KEY (`article_id`) REFERENCES `articles`(`id`) ON UPDATE CASCADE ON DELETE CASCADE,
	FOREIGN KEY (`account_id`) REFERENCES `accounts`(`id`) ON UPDATE CASCADE ON DELETE CASCADE
) ENGINE=InnoDB;

CREATE TABLE IF NOT EXISTS `articles_body` (
	`article_id` INTEGER UNSIGNED NOT NULL,
	`body` LONGTEXT NOT NULL,
	PRIMARY KEY (`article_id`),
	FOREIGN KEY (`article_id`) REFERENCES `articles`(`id`) ON UPDATE CASCADE ON DELETE CASCADE
) ENGINE=InnoDB;

CREATE TABLE IF NOT EXISTS `articles_comments` (
	`id` INTEGER UNSIGNED NOT NULL AUTO_INCREMENT,
	`article_id` INTEGER UNSIGNED NOT NULL,
	`comment` MEDIUMTEXT NOT NULL,
	`account_id` INTEGER UNSIGNED NOT NULL,
	`datetime` DATETIME NOT NULL DEFAULT CURRENT_TIMESTAMP,
	PRIMARY KEY (`id`),
	FOREIGN KEY (`article_id`) REFERENCES `articles`(`id`) ON UPDATE CASCADE ON DELETE CASCADE,
	FOREIGN KEY (`account_id`) REFERENCES `accounts`(`id`) ON UPDATE CASCADE ON DELETE CASCADE
) ENGINE=InnoDB;

CREATE TABLE IF NOT EXISTS `comments_likes` (
	`account_id` INTEGER UNSIGNED NOT NULL,
	`comment_id` INTEGER UNSIGNED NOT NULL,
	CONSTRAINT `pk_comment_like` PRIMARY KEY (`account_id`, `comment_id`),
	FOREIGN KEY (`comment_id`) REFERENCES `articles_comments`(`id`) ON UPDATE CASCADE ON DELETE CASCADE,
	FOREIGN KEY (`account_id`) REFERENCES `accounts`(`id`) ON UPDATE CASCADE ON DELETE CASCADE
) ENGINE=InnoDB;

CREATE TABLE IF NOT EXISTS `admin_log` (
	`id` INTEGER UNSIGNED NOT NULL AUTO_INCREMENT,
	`datetime` DATETIME NOT NULL DEFAULT CURRENT_TIMESTAMP,
	`admin_id` INTEGER UNSIGNED NOT NULL,
	`admin_name` VARCHAR(255) NOT NULL DEFAULT 'Unknown',
	`action` VARCHAR(255) NOT NULL DEFAULT 'Unknown',
	PRIMARY KEY (`id`),
	FOREIGN KEY (`admin_id`) REFERENCES `accounts`(`id`) ON UPDATE CASCADE ON DELETE CASCADE
) ENGINE=InnoDB;


INSERT INTO `accounts` (`id`, `email`, `username`, `password`, `first_name`, `last_name`, `birth_date`, `gender`, `profile_picture`, `datetime_register`, `datetime_last_login`, `is_admin`) VALUES
(1, 'mimin@newsportalberita.com', 'lambemin', 'mimin', 'Lambe', 'Turah', '2002-09-28', b'0', '/images/profile_picture/default.jpg', '2021-10-08 14:55:57', '2021-10-08 14:55:57', b'1'),
(2, 'siapa@entah.com', 'first', 'first', 'pengguna', 'pertama', '2002-10-01', b'0', '/images/profile_picture/default.jpg', '2021-10-08 15:03:45', '2021-10-08 15:03:45', b'0'),
(3, 'apa@gatau.com', 'second', 'second', 'pengguna', 'kedua', '2000-07-31', b'0', '/images/profile_picture/default.jpg', '2021-10-08 15:04:25', '2021-10-08 15:04:25', b'0'),
(4, 'miminjuga@newsportalberita.com', 'sportsmin', 'mimin', 'Mike', 'Byson', '2000-05-17', b'1', '/images/profile_picture/default.jpg', '2021-10-09 15:01:38', '2021-10-09 15:01:38', b'1');


INSERT INTO `articles` (`id`, `title`, `author_id`, `articles_category`, `datetime_created`, `datetime_modified`) VALUES
(1, 'Lisa Blackpink Dilarang Hadiri Paris Fashion Week, YG Entertainment Dikecam', 1, 'Selebriti', '2021-10-08 14:59:20', '2021-10-08 14:59:38'),
(2, 'Diduga Putus Cinta, Kiky Saputri Curhat Bertahan Hanya untuk Saling Menyakiti Bukan Solusi', 1, 'Selebriti', '2021-10-08 15:10:38', '2021-10-08 15:15:26'),
(3, 'Ferry Irawan dan Anggia Novita Resmi Bercerai', 1, 'Selebriti', '2021-10-08 15:14:12', '2021-10-08 15:15:55'),
(4, 'Rumah Tangga Lukman Azhari Dikabarkan Gonjang-ganjing, Medina Zein Senggol Suami Sebut Pengecut', 1, 'Selebriti', '2021-10-08 15:18:40', '2021-10-08 15:19:28'),
(5, 'Kiwil di Rumah Rochimah Berhari-Hari, Istri Isyaratkan Pisah?', 1, 'Selebriti', '2021-10-08 15:22:56', '2021-10-08 15:23:40'),
(6, 'Bakal Nikahi Jessica Iskandar, Ini Janji Vincent Verhaag', 1, 'Selebriti', '2021-10-08 15:48:50', '2021-10-08 15:49:41'),
(7, 'Cynthia Ramlan Gerah Dikaitkan dengan Berita Chintya Ramlan Nikah', 1, 'Selebriti', '2021-10-08 15:52:14', '2021-10-08 15:53:03'),
(8, 'Akhirnya Rossa Pamerkan Wajah Ganteng Anaknya Rizky, Mirip Ibunya atau Yoyo Padi?', 1, 'Selebriti', '2021-10-08 16:19:10', '2021-10-08 16:19:57'),
(9, 'Just Two Of Us, Isyarat Rumah Tangga Shandy Aulia dan Suami Berakhir?', 1, 'Selebriti', '2021-10-08 16:32:59', '2021-10-08 16:33:51'),
(10, 'Jisoo BLACKPINK Dirumorkan Berkencan dengan Pemain Bola Son Heung Min', 1, 'Selebriti', '2021-10-08 17:01:03', '2021-10-08 17:01:54'),
(11, '6 Cerita Hubungan Asmara Harry Styles dan Olivia Wilde, Jarak Usia 10 Tahun Tak Jadi Soal', 1, 'Selebriti', '2021-10-08 17:57:43', '2021-10-08 17:58:15'),
(12, '22 Mei 2017: Bom Bunuh Diri Manchester di Konser Ariana Grande', 1, 'Selebriti', '2021-10-09 14:09:37', '2021-10-09 14:10:12'),
(13, 'Rencana Kembali ke Ring, Mike Tyson Ditentang Anak-anaknya Sendiri', 4, 'Olahraga', '2021-10-09 14:58:47', '2021-10-09 14:59:24'),
(14, 'Setarakan Atlet Olimpiade dan Paralimpiade, Ketua NPC Indonesia dan Atlet Parabulutangkis Puji Presiden Jokowi dan Menpora Amali', 4, 'Olahraga', '2021-10-09 14:54:22', '2021-10-09 14:55:03'),
(15, 'Hasil Tes Diragukan, Manny Pacquiao Kukuh Nyatakan Negatif Covid-19', 4, 'Olahraga', '2021-10-09 15:08:27', '2021-10-09 15:09:09'),
(16, 'Jonatan dan Ginting Tak Libur Natal demi 2 Turnamen Awal pada 2020', 4, 'Olahraga', '2021-10-09 15:22:22', '2021-10-09 15:23:00'),
(17, 'Satria Muda Pertamina Launching Tim untuk IBL 2020', 4, 'Olahraga', '2021-10-09 15:37:59', '2021-10-09 15:38:33'),
(18, 'Dominasi Marc Marquez di MotoGP Bisa Terhenti dengan...', 4, 'Olahraga', '2021-10-09 15:33:38', '2021-10-09 15:34:08');

INSERT INTO `articles_body` (`article_id`, `body`) VALUES
(1, 'Seperti rekan-rekannya yang lain, Lisa Blackpink mendapat kesempatan untuk hadir di Paris fashion Week. Salah satu yang mengirim undangan, adalah merek dunia Bvlgari.\n\nHanya saja, pelantun \"Lalisa\" ini ternyata tak akan menghadiri acara ini. Hal itu diungkap sendiri oleh CEO Bvlgari, Jean-Christophe Babin, seperti diwartakan Koreaboo Rabu (6/10/2021).\n\n\"Lisa di Paris tapi sayangnya karena Covid, agensinya tak ingin ia berpartisipasi dalam acaranya,\" begitu pernyataan sang CEO Bvlgari.\n\nTak hanya sekali, ia menekankan hal ini dalam unggahan yang berbeda. Ia menambahkan, Lisa juga melewatkan kesempatan untuk mengambil gambar bersama ambassador lain merek ini.\n\n\"Ambassador kami yang hebat @lalalalisa_m sedang berada di Eropa. Sayangnya, karena Covid agensinya memilih ia tak berpairtisipasi dalam acara atau show. Ini juga alasan mengapa kami tak bisa melakukan pengambilan gambar dengannya bersama @zendaya, @lilyaldridge dan @vittoria untuk kampanye @bulgari,\" tulisnya.\n\nJean-Christophe Babin meyakinkan, meski Lisa berhalangan hadir di acara ini, pihaknya akan menyiapkan kolaborasi dengan sang anggota Blackpink ke depannya.\n\n\"Tapi YA kami akan melakukannya secepatnya kami sahabat baik dan berusaha keras untuk mengaktifkan kolaborasi dalam 360 derajat,\" tulisnya lagi. \n\nPernyataan Jean-Christophe Babin ini lantas memantik kemarahan penggemar di media sosial. Tagar #YGLetLisadoHerWork pun mengudara.\n\nTak sedikit yang heran, apalagi sebelumnya Jennie, Jisoo, dan Rose, bisa menghadiri acara Paris Fashion Week.\n\n\"Apa YG tahu pentingnya acara ini untuk Lisa, YG membuat Lisa seperti bahan tertawaan. YG setuju untuk tiga anggota lain tapi bilang tidak kepada Lisa,\" kata @VyNguynYn3 di Twitter.\n\n\"YG tak mengizinkan Lisa menghadiri fashion show Bvlgari karena \'Covid\' tapi dia sudah ada di Paris??? Alasan ini enggak masuk akal,\" kata @artistpinks yang di-retweet lebih dari 2 ribu kali.'),
(2, 'Kabar sedih datang dari komika Kiky Saputri. Bintang film Imperfect: Karier, Cinta, dan Timbangan diduga putus cinta setelah mengunggah potret bareng pacar diiringi salam perpisahan.\r\n\r\nUnggahan ini mejeng di etalase akun Instagram terverifkikasinya, 6 Oktober 2021. Pantauan Showbiz Liputan6.com, Kamis (7/10/2021) unggahan tersebut sudah amblas dari feed sang komika.\r\n\r\nTangkapan layar unggahan Kiky Saputri putus cinta beredar di kalangan jurnalis dan memantik spekulasi. Seperti apa curahan hati komika kelahiran Garut, 22 Oktober 1993 ini?\r\n\r\n“Hai ternyata kita hebat ya berhasil berjalan sampai sejauh ini. Meskipun akhirnya lelah, membuat kita menyerah,” cuitnya menyertai foto kenangan dengan Agus Priyono.\r\n\r\n“Terima kasih susah menjadi partner, kekasih, kakak, dan musuh terbaik. Melepaskan sesuatu yang sudah melekat memang tidak mudah,” Kiky Saputri menambahkan.\r\n\r\nDengan berat hati, pasangan ini akhirnya bubar jalan disertai pertimbangan kuat bahwa, bertahan namun tidak lagi saling cinta juga bukan pilihan yang bijaksana.\r\n\r\n“Tapi bertahan hanya untuk saling menyakiti juga bukan sebuah solusi,” Kiky Saputri mengakhiri. Ini bukan kali pertama ia mengunggah status teks bernada perpisahan atau galau.\r\n\r\nBeberapa hari sebelumnya, Kiky Saputri mencuit di Instagram dalam bahasa Inggris membahas wanita mandiri sejatinya tak butuh pria yang kaya raya melainkan gentleman.\r\n\r\n“Wanita mandiri enggak butuh pria kaya, ia butuh pria jantan. Tapi pria jantan biasanya memang kaya,” ia berpendapat bersama foto pose memakai baju serbahitam. \r\n\r\n“Aku tidak menemukan value diri dalam diri seorang pria. Aku menemukan value dalam diri sendiri lalu mendapatkan pria yang memang layak buat diriku,” Kiky Saputri mengakhiri.\r\n\r\nLebih dari 30 ribu orang menyukai foto ini. Kala itu belum terendus kabar Kiky Saputri putus cinta. Mayoritas warganet dan rekan artis justru menyorot postur tubuhnya yang kini langsing.'),
(3, 'Setelah melalui drama perseteruan, aktor Ferry Irawan akhirnya resmi bercerai dengan Anggia Novita. Majelis Hakim Pengadilan Agama Jakarta Selatan memutuskan menjatuhkan talak satu dalam sidang putusan yang digelar hari ini, Kamis (7/10/2021). \r\n\r\nFerry Irawan dan Anggia Novita memang sudah tidak cocok sejak beberapa lama. Apalagi keduanya juga sama-sama dalam kondisi sakit.\r\n\r\n“Hasil dari putusan perkara Ferry Irawan dan Anggi sudah diputus per hari ini. Isinya adalah talak satu. Jadi tidak lagi ada hubungan suami istri antara Ferry dan Anggi jadi sudah selesai per hari ini. Secara pribadi saya mau bilang sama mereka tamat,\" ujar Lapana Saragih, Kuasa Hukum Ferry Irawan di Pengadilan Agama Jakarta Selatan.\r\n\r\nMeski sudah resmi bercerai, pihak pengacara mengatakan hubungan keduanya diharapkan tetap baik-baik saja. Keduanya juga masih bisa menjalin silaturahmi. \r\n\r\n\"Supaya dapat menjalani kehidupan yang baru kalau bisa kalian berdua bersilaturahmi saja tetap istilahnya langgeng dan panjang umur,\" tambahnya.\r\n\r\nNamun sayangnya dalam sidang putusan ini pihak penggugat dan tergugat sama-sama tidak hadir dan hanya diwakilkan oleh kuasa hukumnya masing-masing. Ferry Irawan menyampaikan kepada kuasa hukumnya jika saat ini sedang kurang enak badan. \r\n\r\n“Saya baru dapat berita tadi pagi Ferry telepon saya katanya \'saya nggak bisa hadir pak dikarenakan tensi saya tinggi 160/110 dari kemarin jadi otomatis saya harus istirahat\' yaudah kalau gitu nggak apa-apa,\" kata Lapana Saragih.\r\n\r\n\"Rencananya memang tadi akan hadir kedua belah pihak penggugat dan tergugat, saya dapat berita itu minggu lalu. Nah katanya mereka mau datang ke pengadilan saat sidang putusan. Tetapi ada perubahan si Ferry sakit otomatis mereka tidak bisa hadir,\" lanjutnya.\r\n\r\nSementara saat ditanya tentang penyebab perceraian, Lapana Saragih tidak ingin mengungkapkan lebih detail. Ia mengatakan memang sudah tidak ada keharmonisan antara kedua belah pihak. \r\n\r\n“Saya dalam hal ini tidak mengungkap (penyebab perceraian) itu. Hanya mengungkap bahwa memang sudah tidak ada keharmonisan diantara kedua belah pihak,\" katanya.\r\n\r\n\"Saya tidak mau terlalu detail meninggalkan rumah atau apa. Saya hanya menitikberatkan sudah tidak ada keharmonisan diantara mereka berdua jadi otomatis saya memohon supaya dikabulkan perceraian ini,\" pungkasnya.'),
(4, 'Tak ada angin tak ada hujan, Medina Zein mengunggah sejumlah foto sambil menyenggol akun Instagram sang suami, Lukman Azhari. Mayoritas unggahan berisi luapan kekesalan.\r\n\r\nPertama, selebgram sekaligus pengusaha ini mencuit kata “Ghosting.” Setelahnya Medina Zein mengunggah foto kaki berbalut celana jin biru sambil membahas seorang pengecut.\r\n\r\n“Gue malas urusan sama orang pengecut. @lukmanazhari18,” oceh ibu satu anak ini sambil menyematkan emotikon tangan menjentikkan jari tengah. Tampaknya Medina Zein gusar.\r\n\r\nUnggahan pada Kamis (7/10/2021) ini berlanjut. Medina Zein memotret panorama dari balik kaca jendela mobil lalu menyinggung soal tanggung jawab seraya menyebut akun Instagram suami.\r\n\r\n“Setiap orang bertanggung jawab atas pilihannya sendiri. Orang yang menyalahkan orang lain atas pilihannya hanyalah pengecut yang hanya bisa lari dari tanggung jawab @lukmanazhari18,” cuitnya.\r\n\r\nYang bikin syok, foto yang diunggah Medina Zein satu jam kemudian, yakni wajah dan pipi memerah, seolah habis dipukul atau ditampar. Tak jelas wajah siapa karena ditutup beberapa stiker.\r\n\r\nFoto wajah ini disertai status teks ringkas, “Puas? @lukmanazhari18.” Medina Zein menyematkan emotikon wajah ngakak sampai meneteskan air mata, tanpa keterangan lebih detail.\r\n\r\nTak lama kemudian, Medina Zein menulis peringatan dengan latar warna kelam baja polos. Tanpa menyebut nama ia mencuap, “Tiada yang lebih bahaya selain marahnya orang sabar.”\r\n\r\nSejurus kemudian, ia memamerkan foto tangan kanannya yang “dihiasi” sejumlah luka yang telah mengering. Yang ini pun tak disertai keterangan jelas penyebab luka atau siapa yang melukai.\r\n\r\n“Tangan yang indah jadi budukan,” keluh Medina Zein, di Instagram Stories. Hingga artikel ini disusun, selebgram dengan 800 ribuan pengikut itu belum memberi keterangan resmi soal maksud rentetan unggahan ini.\r\n\r\nSang suami, Lukman Azhari, juga tak menjelaskan apa pun di akun Instagram terverifikasinya. Unggahan terkininya, menampilkan foto menggendong si kecil dengan keterangan, “Kesayangan.”'),
(5, 'Rumah tangga Kiwil dan Venti Figianti diduga kembali goyah. Ini bermula pada unggahan istri sang komedian di Instagram.\r\n\r\nVenti Figianti mengunggah video kebersamaan Kiwil di rumah mantan istrinya, Rochimah. Ternyata bintang film Paku Kuntilanak itu juga menginap disana.\r\n\r\n\"Nengok anak-anak kenapa harus tinggal berhari-hari di rumah mantan. Ada yang tahu jawabannya?\" tulis Venti Figianti di Instagram Story, Jumat (8/10/2021).\r\n\r\nVenti Figianti menerangkan, sekalipun tujuan Kiwil melihat anak-anaknya harus ada batasan. Apalagi ini sampai berada di rumah mantan istri berhari-hari.\r\n\r\nDengan kondisi seperti itu, Venti Figianti seolah mengikhlaskan Kiwil jika ingin kembali kepada Rochimah.\r\n\r\n\"Sudah lah kalau memang ingin tinggal kembali di Parung, tidak usah lagi ke Bandung,\" tuturnya.\r\n\r\n\"Sudahi semuanya,\" imbuh perempuan berdarah Sunda itu.\r\n\r\nIni bukan kali pertama Venti Figianti mempermasalahkan hubungan Kiwil dan Rochimah.\r\n\r\nSebelumnya, Venti Figianti bahkan berharap Kiwil memberikan talak untuk menceraikannya. Sebab pasangan ini hanya menikah siri.\r\n\r\n\"Kalau sekedar melihat anak-anak silakan. Tapi kalau terus-terusan di rumah mba Rochimah itu ada batasannya kan yah,\" ucap Venti Figianti di kanal YouTube STARPRO Indonesia, 5 Juli 2021.\r\n\r\nSelain Rochimah, ada beberapa alasan lain yang membuatnya ingin berpisah dari Kiwil.\r\n\r\n\"Ada lah beberapa hal yang meyakini saya buat pisah. Saya yang mau mundur,\" sambungnya lagi.'),
(6, 'Usai melamar Jessica Iskandar, Vincent Verhaag menuliskan sebuah janji. Jika pernikahan mereka terjadi, host My Trip My Andventure itu akan menjadi sosok superhero.\r\n\r\nJanji untuk menjadi superhero alias pahlawan tidak hanya berlaku untuk Jessica Iskandar. Tetapi juga untuk anak semata wayang sang aktris, El Barack.\r\n\r\n\"Aku akan berjanji menjadi superhero untukmu dan El,\" tulis Vincent Verhaag dikutip dari Instagram, Jumat (8/10/2021).\r\n\r\nJanji Vincent Verhaag untuk menjadi pahlawan untuk Jessica Iskandar dan El Barack bukan tanpa sebab. Baginya, itu menunjukkan sosok pria sejati.\r\n\r\n\"Orang bodoh bisa saja menjadi ayah dan suami. Tetapi, dibutuhkan pria sejati untuk menjadi ayah superhero, suami yang penuh kasih sayang dan berdiri di garda terdepan untuk keluarga apapun yang terjadi,\" ujarnya memaparkan.\r\n\r\nIni juga menjadi rasa syukur Vincent Verhaag atas karunia Tuhan. Sebab, langkahnya dituntun untuk menemukan kebahagiaan.\r\n\r\n\"Terima kasih Tuhan untuk kasihMu. Aku percaya engkau membimbingku sejauh ini dan untuk selama-lamanya dalam kerajaan surgaMU,\" ujar pria yang usianya lebih muda 4 tahun dari Jessica Iskandar.\r\n\r\nVincent Verhaag menyempurnakan janji tersebut dengan mengunggah foto mesranya bersama Jessica Iskandar.\r\n\r\nIa berada di belakang sambil memegang pinggang Jessica Iskandar. Tak lupa, senyuman terpancar di wajah Vincent saat melihat calon istrinya.\r\n\r\nJessica Iskandar yang melihat unggahan Vincent Verhaag beserta janji tersebut, mengaminkan. Dengan melibatkan Tuhan dalam langkahnya, ia berharap cinta itu akan ada selamanya.\r\n\r\n\"Amin, Tuhan beserta kita sekarang dan selamanya,\" jawab artis yang akrab disapa Jedar ini.'),
(7, 'Artis Cynthia Ramlan tengah dibuat gerah karena namanya dikaitkan dengan model dan selebgram Chitnya Ramlan yang baru saja menikah. Adik Olla Ramlan ini menegaskan bahwa dirinya tak ada kaitannya dengan Chintya Ramlan.\r\n\r\nCynthia Ramlan menegaskan bahwa ia dan Chintya Ramlan adalah dua orang yang berbeda. Mantan istri Vicky Nitinegoro ini juga memasikan Chintya juga tak memiliki hubungan apapun dengan keluarga Ramlan.\r\n\r\nKeberatan Cynthia Ramlan sebenarnya bukan terhadap sosok Chintya Ramlan, tapi kepada beberapa media. Pasalnya sejumlah menuliskan Chintya Ramlan namun dengan memakai foto Cynthia Ramlan dan membawa-bawa nama sang kakak, Olla Ramlan. Tentu saja istri Elang Tjokro ini merasa kebaratan.\r\n\r\n\"Bikin Heboh Gegara NIkah Diam-Diam Mahar 3 M, Ini Biodata Cynthia Ramlan Adik Olla Ramlan yang Ngaku Pernah Ditawari Narkoba,\" bunyi salah satu berita dari media online.\r\n\r\n\"Profil Biodata dan Fakta Menarik Cynthia Ramlan, Akrtis yang Baru Saja Menikah Diam-diam di Aceh,\" judul berita media online lainnya.\r\n\r\n\"Ingat Chintya Ramlan? Model Majalah Dewasa Sudah 2 Kali Menjanda, Kini Adik Olla Ramlan Bikin Heboh.\"\r\n\r\nCynthia Ramlan pun meminta kepada media untuk lebih teliti dan hati-hati dalam membuat berita. Perempuan yang kini berhijab itu pun berharap ada koreksi dari media yang telah mengaitkan dirinya dengan Chintya Ramlan.\r\n\r\n\"Terkait berita-berita di atas, saya minta tolong kepada teman-teman media untuk lebih teliti dalam membuat berita dan jangan asal mengaitkannya dengan saya,\" tulis Cynthia Ramlan di Insatgram.\r\n\r\n\"Karena yang di beritakan tersebut bukan saya, tapi memakai foto dan identitas keluarga saya,\" katanya menambahkan.\r\n\r\nMenarikanya, Cynthia Ramlan akan mengusut penggunaan nama Ramlan oleh Chintya. Apa dasar ia memakai nama tersebut.\r\n\r\n\"Kami dari pihak keluarga Ramlan juga menyatakan bahwa orang tersebut tidak ada kaitannya dengan kami. Tetapi mungkin memiliki nama belakang yang sama dengan keluarga kami, ini pun akan kami usut kebenarannya,\" ujar Cynthia Ramlan.\r\n\r\n\"Jadi tolong jangan memakai foto saya dan keluarga saya untuk berita-berita tersebut, karena cukup menggangu!\"\r\n\r\nPermintaan Cynthia Ramlan tak main-main. Bila tak diindahkan, ia pun siap akan melapor ke polisi.\r\n\r\n\"Kami akan melakukan tindakan hukum yang semestinya jika teman-teman media masih memakai foto saya untuk berita yang tidak ada kaitannya dengan saya sama sekali dan mengaitkan saya dengan orang tersebut.\"\r\n\r\n\"Tolong kepada pihak media-media yang telah melakukan kekeliruan, kami berikan waktu 2x24 jam untuk menurunkan berita-berita tersebut. Terima kasih,\" ucapnya.'),
(8, 'ROSSA pertama kalinya pamer wajah anak semata wayangnya, Rizky Langit Ramadhan, yang sudah beranjak remaja. Wajah ganteng sang anak dibilang mirip dengan sang diva Indonesia.\r\n\r\nRossa pamer foto berdua dengan anak gantengnya tepat di hari ulang tahun Rizky. Anak hasil buah cinta dengan Yoyo Padi ini pun sudah tumbuh tinggi menyalip ibunya.\r\n\r\nWajah Rizky ganteng dan bersih, apalagi dia tampil keren dengan model busana smart kasual. Sementara Rossa pakai rok bunga-bunga tesenyum menggandeng anak-anaknya.\r\n\r\nPenampilan mereka benar-benar mirip karena gaya rambutnya pun serupa. Rossa pun mengucapkan selamat ulang tahun untuk putra tercintanya.\r\n\r\n\"Happy birthday (not so) baby boy! Makasih doa-doa baik dari semuanya.sungguh aku dan Rizky beruntung banyak yg doain 🙏🙏🙏❤❤❤ Doa yang sama untuk semua ya. Stay healthy, stay happy,\" tulisnya di caption foto.'),
(9, 'Biodata di akun Instagram Shandy Aulia yang tak lagi menuliskan statusnya sebagai istri, menjadi tanda tanya besar bagi masyarakat. Tak sedikit netizen yang bertanya-tanya terkait kebenaran kabar tersebut.\r\n\r\nMeski tidak secara gamblang menjawab pertanyaan netizen, baru-baru ini wanita 34 tahun itu terlihat mengunggah foto kebersamaannya dengan sang putri dilengkapi keterangan foto. Dalam tulisannya, bintang film Eiffel I\'m In Love ini terlihat mengisyaratkan bahwa pernikahannya dengan David telah berakhir.\r\n\r\n\"Just two of us. Memang kita tidak tahu bagaimana akhir dari musim ini atau bagaimanakah musim yang baru itu akan datang,\" tulis Shandy Aulia pada keterangan foto.\r\n\r\n\"Tapi Tuhan tidak akan membiarkan kita berjalan sendiri,\" sambungnya.\r\n\r\nMelihat tulisan tersebut, netizen pun ramai membanjiri kolom komentar dari ibu satu anak itu. Selain banyak yang mempertanyakan perihal kabar perpisahan antara mereka, beberapa netizen juga berharap jika Shandy dan David mampu untuk mempertahankan rumah tangganya. Apalagi kini keluarga mereka sudah semakin lengkap dengan kehadiran Claire.\r\n\r\n\"Dari sekian artis yang digosipin cerai atau yang beneran cermai kok ini aku ikut sedih yah, kek tiba-tiba ada petir di siang bolong emang apa yang ada di Instagram Enggak selalu sama kaya dunia nyata,\" tulis Alin_ummudaniyal.'),
(10, 'Kabar mengejutkan datang dari Jisoo BLACKPINK. Dia kembali dirumorkan berkencan dengan pemain sepakbola Tottenham Hotspur, Son Heung Min.\r\n\r\nMelansir laman Allkpop, Jumat (8/10/2021) kabar tersebut kembali heboh usai Son Heung Min yang diketahui baru tiba di Korea melalui Bandara Internasional Incheon pada 5 Oktober untuk menghadiri pertandingan \'Kualifikasi Piala Dunia FIFA 2022\' antara Korea Selatan dan Suriah, yang berlangsung pada 7 Oktober.\r\n\r\nNamun kabarnya, dia bukan terbang dari London ke Korea, melainkan dari Paris. Di saat yang sama, Jisoo BLACKPINK kembali ke Korea pada 5 Oktober, setelah menyelesaikan jadwalnya di Paris untuk \'Paris Fashion Week\'.'),
(11, 'Harry Styles kini jadi sorotan publik lagi, karena dikabarkan tengah menjalin asmara dengan aktris Olivia Wilde. Sejumlah media hiburan juga sudah mendapat konfirmasi dari sumber yang dekat dengan kedua artis ini, bahwa keduanya memang benar-benar menjalin hubungan asmara. \r\n\r\nOlivia Wilde dan Harry Styles sebenarnya terpaut usia yang cukup jauh. Aktris dan sineas Hollywood ini berusia 36 tahun, sementara personel One Direction tersebut sepuluh tahun lebih muda. \r\n\r\nSebenarnya bagaimana awal perjalanan pasangan ini? Berikut sejumlah fakta seputar hubungan asmara keduanya dilansir dari Liputan6.com\r\n\r\nDari People, Rabu (6/1/2021), keduanya ternyata cinlok saat mengerjakan film garapan Olivia Wilde, Don\'t Worry Darling. Harry Styles menjadi salah satu pemain dalam film horor-psikologis ini. \r\n\r\nAwalnya, hubungan keduanya hanyalah persahabatan. Tapi yang muncul pada kemudian hari justru benih cinta. Bahkan hal ini sudah bukan rahasia lagi bagi orang-orang yang terlibat di film ini. \r\n\r\n\"Semua orang tahu ini akan terjadi. Saat istirahat, dia (Harry Styles) enggak bisa jauh-jauh dan mengunjungi trailernya (Olivia Wilde),\" kata seorang sumber People.\r\n\r\nSumber yang dihubungi E! News, mengatakan keduanya sering saling menggoda saat di lokasi, tapi tak berlebihan dan tetap menjaga profesionalitas.\r\n\r\nKarena ada kasus positif Covid-19 dalam tim produksi film ini, syutingnya sempat dihentikan pada November lalu dan dimulai lagi pada minggu ini. \r\n\r\nDiwartakan E! News, kebanyakan kru dan pemain film ini memilih untuk tinggal di sebuah hotel. Namun Harry Styles dan Olivia Wilde memilih untuk tinggal bersama di sebuah rumah yang terletak di Palm Springs.\r\n\r\nHubungan keduanya tercium media saat terciduk sedang bergandengan tangan menuju pernikahan seorang rekan pada akhir minggu lalu.\r\n\r\n\"Mereka berada di Montecito, California, akhir pekan ini, menghadiri sebuah acara pernikahan. Mereka terlihat saling sayang di hadapan teman-teman mereka, bergandengan tangan, dan terlihat sangat berbahagia,\" kata seorang sumber.\r\n\r\nSekitar dua bulan lalu, Harry Styles sempat diserang karena tampil di Vogue dengan mengenakan gaun cantik yang berenda. Olivia Wilde ternyata salah satu orang yang pasang badan untuk membelanya. \r\n\r\nIa balik menyerang Candace Owens yang menghujat pilihan busana Harry Styles dengan mencuit kalimat pendek yang menohok, \"Kamu menyedihkan.\"\r\n\r\nPada November lalu, Olivia Wilde diketahui berpisah dari pasangannya selama 10 tahun terakhir, Jason Sudeikis. Namun People mewartakan bahwa pasangan ini sebenarnya telah berpisah berbulan-bulan sebelum kabar ini tersiar.\r\n\r\nPasangan ini dikaruniai dua anak, yakni Otis yang berusia enam tahun dan adiknya yang terpaut dua tahun, Daisy.'),
(12, 'Hanya beberapa saat setelah Ariana Grande menyelesaikan lagu terakhir di konsernya, sebuah bom meledak di AO Arena, Manchester, Inggris, pada 22 Mei 2017.\r\n\r\nDikutip dari History, Jumat (21/5/2021), bom bunuh diri tersebut menewaskan 22 penonton konser dan melukai 116 lainnya.\r\n\r\nKelompok teroris ISIS mengaku bertanggung jawab atas insiden mengerikan tersebut yang merupakan tindakan terorisme paling mematikan di Inggris sejak pemboman metro London pada 2005.\r\n\r\n\r\nHomeGlobalHistori\r\n22 Mei 2017: Bom Bunuh Diri Manchester di Konser Ariana Grande\r\nLiputan6.comLiputan6.com\r\n22 Mei 2021, 06:00 WIB\r\n11\r\nBom di konser Ariana Grande\r\nPerbesar\r\nBom di konser Ariana Grande (APexchange/Bintang.com)\r\nLiputan6.com, Manchester - Hanya beberapa saat setelah Ariana Grande menyelesaikan lagu terakhir di konsernya, sebuah bom meledak di AO Arena, Manchester, Inggris, pada 22 Mei 2017.\r\n\r\nDikutip dari History, Jumat (21/5/2021), bom bunuh diri tersebut menewaskan 22 penonton konser dan melukai 116 lainnya.\r\n\r\nKelompok teroris ISIS mengaku bertanggung jawab atas insiden mengerikan tersebut yang merupakan tindakan terorisme paling mematikan di Inggris sejak pemboman metro London pada 2005.\r\n\r\n\r\n2 dari 3 halaman\r\nGrande Datang Kembali untuk Kunjungi Penggemar dan Keluarga Korban\r\n\r\nLebih dari 240 panggilan darurat dilakukan. 60 ambulans dan 400 petugas polisi juga ikut mencari orang yang belum ditemukan oleh anggota keluarganya.\r\n\r\nKorban termuda dari pemboman tersebut adalah Saffie Roussos yang masih berusia delapan tahun.\r\n\r\nPelaku bom bunuh diri tersebut adalah Salman Abedi (22). Abedi adalah warga asli Manchester yang mempunyai darah Libya.\r\n\r\nMenurut para penyelidik, Aedi diradikalisasi setelah menghabiskan waktu di Libya pada 2011.\r\n\r\nWalau ia ditandai oleh dinas keamanan Inggris, Abedi bukan anggota dari kelompok teroris apa pun pada saat pemboman.\r\n\r\nBukti juga menunjukkan bahwa sejumlah individu, termasuk saudara laki-laki Abedi, mengetahui rencananya, dan mungkin membantu melaksanakannya.\r\n\r\nSetelah serangan itu, Grade menyampaikan pernyataannya melalui akun Twitter-nya dengan mengatakan, \"dari lubuk hati saya, saya sangat menyesal. saya tidak punya kata-kata.\"\r\n\r\nIa juga menulis pernyataan lebih panjang melalui Instagram beberapa hari setelah kejadian tersebut. \r\n\r\nSebelas hari kemudian, ia kembali ke Manchester untuk mengunjungi penggemar yang terluka dan keluarga para korban.'),
(13, 'Rencana comeback Mike Tyson ke ring membuat mayoritas fans tinju tak sabar menanti. Namun, anak-anak sang legenda sendiri lebih ingin melihat ayahnya tetap pensiun.\r\n\r\nMike Tyson (54 tahun) bakal kembali beraksi di ring untuk menghadapi Roy Jones Jr pada suatu laga amal sepanjang delapan ronde pada 12 September 2020 di California.\r\n\r\nPertarungan tersebut bakal menjadi kali pertama Tyson menapak ke ring tinju semenjak menghadapi Kevin McBride pada Juni 2005 saat ia berusia 38 tahun dan 346 hari.\r\n\r\nRoy Jones Jr bukan lawan sembarangan, petinju berusia 51 tahun ini pernah menjadi juara empat divisi berat.\r\n\r\nJones terakhir bertarung pada 2018 tetapi ia tidak pernah secara resmi mengumumkan pensiun.\r\n\r\nPertarungan bakal berlangsung dalam regulasi ketat, duel bakal dihentikan ketika ada wajah salah satu petinju tergores. \r\n\r\nTyson dan Jones Jr juga bakal mengenakan sarung tinju yang lebih berat yaitu 12 ons (340 gram) alih-alih 10 ons (283 gram) yang merupakan standar di kelas berat.\r\n\r\nTyson, yang memiliki delapan anak, pun dalam kondisi ideal dan masih mempunyai ketajaman serta kelincahan bertarung, seperti yang ia tunjukkan lewat video-video unggahannya.\r\n\r\nNamun, semua kewaspadaan itu ternyata tak berhasil membuat anak-anak Mike Tyson lebih mendukung rencana ayahnya.\r\n\r\n\"Anak-anak saya bilang bahwa saya lebih baik duduk diam saja,\"\" tutur Mike Tyson kepada Jimmy Fallon di The Tonight Show.\r\n\r\n\"Namun, mereka tahu apa sih? Saya sangat percaya diri. Mereka tak tahu caranya bertarung, tak ada satu pun anak saya yang bisa mengalahkan saya dalam pertarungan, jadi mereka bicara apa?\"\r\n\r\nSalah satu mantan pelatih Mike Tyson, Jeff Fenech, adalah salah satu pihak yang mendukung Si Leher Beton.\r\n\r\nIa percaya Mike Tyson masih cukup kompetitif untuk mengalahkan petinju top kelas berat sekarang seperti Deontay Wilder.\r\n\r\n\"Tinju tak lagi sama. Saya jamin apabila Mike Tyson latihan selama enam pekan, ia dapat menundukkan Wilder dalam semenit,\" ujarnya.\r\n\r\n\"Jika orang-orang seperti ini berhasil dikalahkan oleh Tyson Fury, seorang petinju hebat tetapi bukan seorang puncher keras, Tyson bisa menghempaskan orang-orang ini dengan mudah,\" tutur Fenech seperti dikutip dari Boxingscene.com.\r\n\r\n\"Mereka tidak satu level. Saya yakin jika Mike latihan ia dapat mengalahkan orang-orang ini. Fury punya keahlian lain. Namun, Deontay Wilder hanya punya pukulan dan tak ada yang lain. Pukul dia, dan semua berakhir. Mike tak pernah meleset,\" ujarnya lagi.\r\n'),
(14, 'Ketua National Paralympic Committee (NPC) Indonesia, Senny Marbun, memuji Presiden Joko Widodo dan Menteri Pemuda dan Olahraga Republik Indonesia (Menpora RI) Zainudin Amali atas perhatian mereka kepada atlet difabel.\r\n\r\nPernyataan ini disampaikan Senny Marbun saat menjadi narasumber dalam acara Rosi Spesial bertajuk ‘Totalitas Tanpa Batas Paralimpiade 2020’ di Kompas TV, Kamis (16/9/2021) malam.\r\n\r\nHadir dalam acara ini, sembilan atlet paralimpiade periah medali diantaranya atlet parabulutangkis peraih tiga medali, Leani Ratri Oktila dan juga Menpora Amali.\r\n\r\n“Kami berhasil ini karena pak Jokowi. Pak Jokowi berani menyetarakan harkat dan martabat kami dengan yang non difabel. Itu yang membuat semangat kami bangkit,” kata Senny Marbun dalam acara yang dipandu Rosianna Silalahi ini.\r\n\r\nSenny juga menyampaikan prestasi ini dicapai atas dukungan dan perhatian Menpora Amali. Bahkan, selalu mendukung atlet NPC untuk terus mengikuti kualifikasi paralimpiade.\r\n\r\n“Pak Menpora memberi kami ruang yang sangat longgar, untuk latihan dan peralatan yang kami punya. Pak Menpora selalu mengatakan, jangan kamu putus asa dengan kekuranganmu. Sama yang saya selalu katakan kepada teman-teman jangan pernah hitung yang hilang dari tubuhmu, tapi hitung yang masih tersisa. Itu yang selalu saya suntik kepada mereka,” ungkapnya.\r\n\r\nPernyataan senada juga disampaikan atlet Parabulutangkis, Leani Ratri Oktila. Pada era kepemimpinan Jokowi, menurut dia, semua atlet baik yang difabel maupun non difabel benar-benar disetarakan.\r\n\r\n“Di masa pemerintahan Pak Jokowi ini kami atlet merasa disetarakan dari keseluruhan. Jadi kita nggak merasa berbeda dengan yang lain. Itu buat kita percaya diri,” ujarnya.\r\n\r\nMenpora Amali pada kesempatan ini mengungkapkan bahwa sejak dirinya menjadi Menpora, atas arahan dari Presiden Jokowi semua atlet disetarakan baik yang difabel maupun yang non difabel.\r\n\r\n“Pak Presiden memberi arahan pada saya, pak Menpora jangan sedikit pun ada perbedaan pelayanan kepada atlet NPC. Jadi arahan itu saya pedomani dan sampai sekarang saya seperti keluarga (dengan atlet difabel),” ujarnya.\r\n\r\nBahkan, di dalam Desain Besar Olahraga Nasional (DBON) yang telah ditadatangani Presiden Jokowi Perpresnya pada saat Haornas 9 September 2021 lalu, tidak ada perbedaan fasilitas yang didapatkan semua atlet nasional.\r\n\r\n“Di dalam DBON ini kami beri tempat yang setara antara atlet-atlet olimpiade dan paralimpiade. Tentu kita menfasilitasi sama persis, apa yang didapatkan oleh atlet olimpiade, mulai dari persiapannya, pelatnasnya, pengiriman ke kualifikasi,\" jelas Amali.\r\n\r\n\"Kemudian pada saat bertanding semuanya kami setarakan, tidak ada perbedaan sedikitpun. Karena kami tahu bahwa teman-teman yang terhimpun di NPC ini mereka punya kemampuan dan juga semangat untuk berprestasi,” ujarnya.\r\n'),
(15, 'Petinju asal Filipina, Manny Pacquiao, memastikan dirinya negatif Covid-19, penyakit yang disebabkan oleh virus corona.\n\nDalam beberapa hari terakhir, Manny Pacquiao dikhawatirkan terjangkit virus corona setelah bertemu politikus Filipina, Aguilino \"Koko\" Pimental.\n\nAguilino Pimental dinyatakan positif Covid-19, Rabu (25/3/2020). Selain karena sempat bertemu Aguilino, Manny Pacquiao juga dikhawatirkan terjangkit virus corona karena sering tampil di publik sebagai senator Filipina.\n\nDalam pernyataan resminya, Manny Pacquiao memastikan dirinya negatif Covid-19 setelah menjalani rapid test.\n\n\"Kepada seluruh warga Filipina, saya saat ini sudah mulai melakukan karantina di rumah. Tolong jangan khawatir,\" kata Manny Pacquiao dikutip dari situs The Independent.\n\n\"Saya menggunakan alat tes cepat yang dikirimkan teman saya dari Korea Selatan. Hasilnya negatif. FDA (Administrasi Makanan dan Obat-obatan Filipina) belum menyetujui hasil tes, tetapi apa yang digunakan di Korea Selatan sudah terbukti,\" ujar petinju berjulukan Pac Man ini.\n\nMeski hasil tesnya diragukan, Pacquiao menolak untuk melakukan tes lanjutan sesuai dengan rekomendasi otoritas setempat karena dirinya tidak merasakan gejala apa pun.\n\nPacquiao juga menilai hasil tes cepat dari alat Korea Selatan sudah sangat valid.\n\n\"Saya didorong untuk melakukan tes ulang. Namun, saya memastikan saat ini saya belum merasakan gejala apa pun,\" kata Pacquiao.\n\n\"Saya bersedia melakukan tes untuk keluarga dan negara saya jika tubuh saya merasakan hal aneh. Masih banyak orang yang lebih membutuhkan tes daripada saya,\" ujar Pacquiao menambahkan.\n\nSebagai senator, Pacquiao sering tampil di depan publik selama Filipina menerapkan status lockdown atau karantina nasional akibat pandemi virus corona.\n\nUntuk menangani virus corona, Pacquiao telah menyumbangkan sekitar 600.000 masker ke petugas kesehatan Filipina dari dana pribadi.\n\nPacquiao juga sudah bekerja sama dengan pendiri Alibaba, Jack Ma, untuk mendatangkan 50 ribu alat tes uji Covid-19 dari China ke Filipina.\n\nPacquiao yang dikabarkan akan kembali ke ring tinju pada bulan Juli nanti mengaku ingin fokus terlebih dahulu membantu Filipina keluar dari krisis saat ini.'),
(16, 'Rangakaian turnamen BWF World Tour 2020 segera dimulai.\r\n\r\nBerdasarkan jadwal yang dirilis, Malaysia Masters menjadi turnamen pertama tahun ini. Turnamen BWF Level Super 500 ini akan digelar di Axiata Arena, Kuala Lumpur, 7-12 Januari mendatang.\r\n\r\nSepekan kemudian, turnamen dengan level yang sama, Indonesia Masters 2020, yang bakal dihelat di Istora Senayan, Jakarta, pada 14-19 Januari.\r\n\r\nPelatih tunggal Indonesia, Hendry Saputra Kho, pun mengaku punya target tersendiri untuk dua pemainnya, Jonatan Christie dan Anthony Sinisuka Ginting di turnamen awal tersebut.\r\n\r\n\"Sekarang kan Jonatan dan Anthony ada di peringkat keenam dan ketujuh dunia, jadi hitung-hitungan realistisnya ya minimal sampai ke perempat final, babak 8 besar,\" tutur Hendry yang dikutip dari BolaSport.\r\n\r\n\"Namun, saya berharapnya mereka (Jonatan dan Ginting) bisa sampai ke semifinal,\" kata Hendry lagi.\r\n\r\nHendry menuturkan, ia dan skuadnya sepakat untuk tidak menikmati pekan libur Natal demi tampil maksimal di Malaysia Masters dan Indonesia Masters 2020.\r\n\r\n\"Setelah BWF World Tour Finals 2019, anak-anak sempat libur sebentar karena per tanggal 16 Desember itu statusnya memang mereka sudah dikembalikan ke klub masing-masing,\" ucap Hendry.\r\n\r\n\"Namun, mulai 23 Desember sampai 28 Desember kami sepakat untuk menjalani latihan lagi. Jadi, tidak ada libur Natal seperti biasanya. Saya cuma beri waktu untuk beribadah,\" ujarnya.\r\n\r\nHendry mengakui, ketika memulai latihan kembali pada 23 Desember silam, performa anak-anak didiknya sempat menurun.\r\n\r\nKini, setelah menjalani latihan, performa Jonatan dan Ginting sudah naik. Hendry pun berharap performa kedua pemain andalannya itu bisa mencapai puncak jelang melakoni turnamen Malaysia Masters dan Indonesia Masters 2020.\r\n\r\nTahun lalu, Jonatan hanya bisa mencapai babak kedua, sementara Ginting menembus perempat final Malaysia Masters.\r\n\r\nAdapun pada Indonesia Masters 2019, kiprah Jonatan sampai ke babak semifinal, sedangkan Ginting terhenti pada perempat final.'),
(17, 'Satria Muda Pertamina (SM Pertamna) meluncurkan tim untuk musim kompetisi Indonesian Basketball League (IBL) 2020.\r\n\r\nMusim IBL 2020 mulai bergulir akhir pekan ini dan lawan pertama yang akan dihadapi SM Pertamina adalah NSH Basketball.\r\n\r\nLaga tersebut akan dihelat di Semarang Jumat (10/1/2020).\r\n\r\nMenjelang laga perdana, SM Pertamina memperkenalkan jajaran pemain dan staf yang akan memperkuat juara Indonesia 10 kali ini.\r\n\r\nPerkenalan tersebut dilakuan dalam sebuah acara konferensi pers yang dihelat dikawasan Slipi, Jakarta Barat.\r\n\r\nPada IBL 2020 mendatang, SM Pertamina akan diperkuat pemain yang relatif berbeda dibanding musim-musim sebelumnya.\r\n\r\n“Terdapat empat pemain SM Pertamina yang bergabung dengan Indonesia Patriots, tim nasional Indonesia yang dipersiapkan jangka panjang untuk menyambut gelaran Piala Dunia FIBA 2023 mendatang,\" kata Wakil Presiden Bidang Bola Basket SM Pertamina, Rony Gunawan.\r\n\r\n\"Kehilangan empat pemain sedikit banyak mengubah wajah SM Pertamina, namun kepentingan tim nasional Indonesia merupakan prioritas yang akan selalu kami dukung,” ujar Rony menambahkan.\r\n\r\nManajemen SM Pertamina sigap mengantisipasi absennya empat pemain yang bermain untuk Indonesia Patriots dengan merekrut beberapa pemain anyar, seperti Bima Riski, Ngurah Wisnu, serta Fadlan Minallah.\r\n\r\nSelain rekrutan lokal, SM Pertamina musim ini juga diperkuat oleh 3 legiun asing.\r\n\r\nMereka adalah Tyquan Scott, Elijah Foster, dan Gary Jacobs Jr.\r\n\r\nProses integrasi ketiganya berjalan dengan cukup baik.\r\n\r\nGary Jacobs Jr yang sebelumnya sudah tiga musim bermain di Indonesia mampu membawa Elijah Foster dan Tyquan Scott beradaptasi dengan baik di dalam maupun di luar lapangan.\r\n\r\nKetiganya secara terpisah mengaku antusias dan tidak sabar untuk menyambut musim baru bersama SM Pertamina.\r\n\r\nBermain bersama SM Pertamina akan menjadi pengalaman pertama bagi Elijah Foster dan Tyquan Scott bermain di Benua Asia.\r\n\r\nMusim 2020 juga akan menjadi musim perdana bagi Milos Pejic, pelatih berkebangsaan Serbia yang didapuk sebagai nakhoda SM Pertamina pada medio Oktober lalu.\r\n\r\nSejak awal, Milos Pejic mengatakan bahwa fokusnya adalah membangun sistem yang baru dalam permainan SM Pertamina.\r\n\r\n“Saya gembira dengan persiapan yang kami jalani, semua pemain kami dalam kondisi yang fit,\" ujay Milos.\r\n\r\n\"Setiap hari kami terus bekerja keras untuk jadi lebih baik di segala aspek,” ungkap Milos.\r\n\r\nPresiden Klub Satria Muda Pertamina, Robbyanto Budiman, secara terpisah menerangkan, pada musim kompetisi ini Satria Muda Pertamina harus tetap menjadi tim yang kompetitif.\r\n\r\n“DNA Satria Muda adalah DNA juara, kami akan mencoba yang terbaik untuk merealisasikan hal ini,\" kata Robby.'),
(18, 'Mantan pebalap asal italia, Loris Capirossi, menilai tidak ada pebalap yang bisa menghentikan dominasi Marc Marquez di ajang MotoGP.\r\n\r\nMenurut Capirossi, hanya cederayang bisa menghentikan dominasi Marc Marquez saat ini. \r\n\r\nMenurut saya, hanya kecelakaan fatal yang bisa mengentikan catatan impresifnya,\" kata Loris Capirossi, dilansir BolaSport.com dari PaddockGP.\r\n\r\n\"Namun, Marc telah berkembang untuk mengatasi hal itu, dia sangat jarang jatuh saat balapan,\" tutur peraih tiga gelar juara dunia itu menambahkan.\r\n\r\nSejak debut di MotoGP pada tahun 2013, Marc Marquez memang tampil sangat mendominasi bersama Repsol Honda.\r\n\r\nMarc Marquez total sudah meraih enam gelar juara dunia di kelas MotoGP.\r\n\r\nSatu-satunya kegagalan Marc Marquez menjadi juara dunia MotoGP adalah tahun 2015 setelah kalah dari Jorge Lorenzo.\r\n\r\nPenampilan Marc Marquez semakin tak terbendung pada musim 2019. Dari 18 balapan, Marquez tujuh kali menjadi pemenang dan hanya sekali gagal naik podium.\r\n\r\nSatu-satunya kala ia tak melintasi garis finish adalah pada MotoGP seri Amerika Serikat setelah ia terjatuh ketika tengah memimpin sendirian di depan.\r\n\r\nTidak hanya juara dunia pebalap, Marquez juga mengantar Repsol Honda menjadi tim dan konstruktor terbaik.\r\n\r\nNamun, Marc Marquez dan Repsol Honda tidak bisa merayakan gelar triple crown dengan sempurna karena Jorge Lorenzo, mantan rival yang menjadi rekan setimnya, pensiun.\r\n\r\nLorenzo memutuskan berhenti membalap karena merasa kondisi fisiknya tidak lagi kuat setelah mengalami serangkaian cedera yang dipuncaki oleh kecelakaan saat turun di sesi latihan bebas MotoGP Belanda.\r\n\r\nKeputusan itu terbilang mengejutkan karena Lorenzo baru saja bergabung dengen Repsol Honda.\r\n\r\nMenurut Capirossi, kecelakaan di MotoGP memang menjadi resiko paling fatal yang bisa menimpa pebalap.\r\n\r\n\"Memang berbahaya dengan kecepatan yang sangat tinggi dan kondisi pebalap yang tidak benar-benar terlindungi, kecuali hanya dengan wearpack dan helm,\" kata Capirossi.\r\n\r\n\"Ketika jatuh dalam kecepatan 200 kilometer per jam maka Anda akan cedera,\" tutur Capirossi menambahkan.\r\n\r\nSebagai pengganti Lorenzo, Alex Marquez (juara dunia Moto2 2019) dipilih oleh Repsol Honda untuk menjadi tandem Marquez musim depan.\r\n\r\nHal ini membuat Repsol Honda akan diperkuat kakak beradik dengan status juara dunia musim depan.\r\n');

INSERT INTO `articles_comments` (`id`, `article_id`, `comment`, `account_id`, `datetime`) VALUES
(1, 1, 'Ga adil banget sihhh', 2, '2021-10-09 14:38:40'),
(2, 8, 'Ganteng bangetttttt, kayaknya mirip mamanya sih', 3, '2021-10-09 14:47:16'),
(3, 3, 'Cerai lagi cerai lagi', 3, '2021-10-09 14:48:23');
